,date,cases,increase_cases,effective_concentration_rolling_average
0,2020-03-01,18,13.0,1.740218538
1,2020-03-02,16,-2.0,1.740218538
2,2020-03-03,21,5.0,1.740218538
3,2020-03-04,36,15.0,1.740218538
4,2020-03-05,67,31.0,1.740218538
5,2020-03-06,83,16.0,1.740218538
6,2020-03-07,117,34.0,1.740218538
7,2020-03-08,119,2.0,12.59034427
8,2020-03-09,201,82.0,12.59034427
9,2020-03-10,270,69.0,12.59034427
10,2020-03-11,245,-25.0,12.59034427
11,2020-03-12,405,160.0,12.59034427
12,2020-03-13,556,151.0,12.59034427
13,2020-03-14,674,118.0,12.59034427
14,2020-03-15,702,28.0,58.02332206
15,2020-03-16,907,205.0,58.02332206
16,2020-03-17,1399,492.0,58.02332206
17,2020-03-18,2444,1045.0,58.02332206
18,2020-03-19,4043,1599.0,58.02332206
19,2020-03-20,5619,1576.0,58.02332206
20,2020-03-21,6516,897.0,58.02332206
21,2020-03-22,8545,2029.0,862.012589822
22,2020-03-23,10432,1887.0,862.012589822
23,2020-03-24,10433,1.0,862.012589822
24,2020-03-25,14634,4201.0,862.012589822
25,2020-03-26,16998,2364.0,862.012589822
26,2020-03-27,17330,332.0,862.012589822
27,2020-03-28,21066,3736.0,862.012589822
28,2020-03-29,18520,-2546.0,474.25470499833335
29,2020-03-30,21469,2949.0,474.25470499833335
30,2020-03-31,24506,3037.0,474.25470499833335
31,2020-04-01,26930,2424.0,474.25470499833335
32,2020-04-02,29717,2787.0,474.25470499833335
33,2020-04-03,32300,2583.0,474.25470499833335
34,2020-04-04,35117,2817.0,474.25470499833335
35,2020-04-05,25616,-9501.0,528.6287874010833
36,2020-04-06,30916,5300.0,528.6287874010833
37,2020-04-07,30337,-579.0,528.6287874010833
38,2020-04-08,31820,1483.0,528.6287874010833
39,2020-04-09,34699,2879.0,528.6287874010833
40,2020-04-10,33473,-1226.0,528.6287874010833
41,2020-04-11,31720,-1753.0,528.6287874010833
42,2020-04-12,27143,-4577.0,469.0499865210527
43,2020-04-13,25769,-1374.0,469.0499865210527
44,2020-04-14,26691,922.0,469.0499865210527
45,2020-04-15,30034,3343.0,469.0499865210527
46,2020-04-16,31613,1579.0,469.0499865210527
47,2020-04-17,31509,-104.0,469.0499865210527
48,2020-04-18,28398,-3111.0,469.0499865210527
49,2020-04-19,25334,-3064.0,724.5373037968095
50,2020-04-20,27395,2061.0,724.5373037968095
51,2020-04-21,25514,-1881.0,724.5373037968095
52,2020-04-22,28831,3317.0,724.5373037968095
53,2020-04-23,33776,4945.0,724.5373037968095
54,2020-04-24,36741,2965.0,724.5373037968095
55,2020-04-25,34408,-2333.0,724.5373037968095
56,2020-04-26,26735,-7673.0,268.89124762999995
57,2020-04-27,23197,-3538.0,268.89124762999995
58,2020-04-28,24653,1456.0,268.89124762999995
59,2020-04-29,26555,1902.0,268.89124762999995
60,2020-04-30,30357,3802.0,268.89124762999995
61,2020-05-01,33970,3613.0,268.89124762999995
62,2020-05-02,29474,-4496.0,268.89124762999995
63,2020-05-03,26140,-3334.0,206.26431044575756
64,2020-05-04,21962,-4178.0,206.26431044575756
65,2020-05-05,23707,1745.0,206.26431044575756
66,2020-05-06,24508,801.0,206.26431044575756
67,2020-05-07,28476,3968.0,206.26431044575756
68,2020-05-08,27648,-828.0,206.26431044575756
69,2020-05-09,24868,-2780.0,206.26431044575756
70,2020-05-10,20317,-4551.0,137.64272430935134
71,2020-05-11,17621,-2696.0,137.64272430935134
72,2020-05-12,22300,4679.0,137.64272430935134
73,2020-05-13,21079,-1221.0,137.64272430935134
74,2020-05-14,27028,5949.0,137.64272430935134
75,2020-05-15,26237,-791.0,137.64272430935134
76,2020-05-16,23659,-2578.0,137.64272430935134
77,2020-05-17,19014,-4645.0,68.83224352159525
78,2020-05-18,21827,2813.0,68.83224352159525
79,2020-05-19,20977,-850.0,68.83224352159525
80,2020-05-20,23070,2093.0,68.83224352159525
81,2020-05-21,25733,2663.0,68.83224352159525
82,2020-05-22,23799,-1934.0,68.83224352159525
83,2020-05-23,22268,-1531.0,68.83224352159525
84,2020-05-24,20034,-2234.0,72.9653497653889
85,2020-05-25,19191,-843.0,72.9653497653889
86,2020-05-26,18896,-295.0,72.9653497653889
87,2020-05-27,18744,-152.0,72.9653497653889
88,2020-05-28,22512,3768.0,72.9653497653889
89,2020-05-29,24548,2036.0,72.9653497653889
90,2020-05-30,23397,-1151.0,72.9653497653889
91,2020-05-31,20634,-2763.0,51.598014542173914
92,2020-06-01,21897,1263.0,51.598014542173914
93,2020-06-02,20791,-1106.0,51.598014542173914
94,2020-06-03,19987,-804.0,51.598014542173914
95,2020-06-04,21616,1629.0,51.598014542173914
96,2020-06-05,28709,7093.0,51.598014542173914
97,2020-06-06,22516,-6193.0,51.598014542173914
98,2020-06-07,18616,-3900.0,88.84480733948
99,2020-06-08,18207,-409.0,88.84480733948
100,2020-06-09,18805,598.0,88.84480733948
101,2020-06-10,22852,4047.0,88.84480733948
102,2020-06-11,23202,350.0,88.84480733948
103,2020-06-12,25493,2291.0,88.84480733948
104,2020-06-13,25334,-159.0,88.84480733948
105,2020-06-14,19130,-6204.0,127.09741201217392
106,2020-06-15,20117,987.0,127.09741201217392
107,2020-06-16,24885,4768.0,127.09741201217392
108,2020-06-17,25655,770.0,127.09741201217392
109,2020-06-18,28059,2404.0,127.09741201217392
110,2020-06-19,30836,2777.0,127.09741201217392
111,2020-06-20,32025,1189.0,127.09741201217392
112,2020-06-21,26379,-5646.0,76.78756644287999
113,2020-06-22,30466,4087.0,76.78756644287999
114,2020-06-23,35060,4594.0,76.78756644287999
115,2020-06-24,36989,1929.0,76.78756644287999
116,2020-06-25,41173,4184.0,76.78756644287999
117,2020-06-26,45528,4355.0,76.78756644287999
118,2020-06-27,42299,-3229.0,76.78756644287999
119,2020-06-28,39508,-2791.0,98.386953886
120,2020-06-29,39496,-12.0,98.386953886
121,2020-06-30,48389,8893.0,98.386953886
122,2020-07-01,49975,1586.0,98.386953886
123,2020-07-02,55559,5584.0,98.386953886
124,2020-07-03,57154,1595.0,98.386953886
125,2020-07-04,50006,-7148.0,98.386953886
126,2020-07-05,44767,-5239.0,88.81178986058335
127,2020-07-06,47316,2549.0,88.81178986058335
128,2020-07-07,54084,6768.0,88.81178986058335
129,2020-07-08,59455,5371.0,88.81178986058335
130,2020-07-09,59889,434.0,88.81178986058335
131,2020-07-10,68227,8338.0,88.81178986058335
132,2020-07-11,60721,-7506.0,88.81178986058335
133,2020-07-12,57805,-2916.0,146.3126736785
134,2020-07-13,61567,3762.0,146.3126736785
135,2020-07-14,65602,4035.0,146.3126736785
136,2020-07-15,68342,2740.0,146.3126736785
137,2020-07-16,75687,7345.0,146.3126736785
138,2020-07-17,70923,-4764.0,146.3126736785
139,2020-07-18,62451,-8472.0,146.3126736785
140,2020-07-19,62275,-176.0,98.57034876461537
141,2020-07-20,59888,-2387.0,98.57034876461537
142,2020-07-21,65277,5389.0,98.57034876461537
143,2020-07-22,69739,4462.0,98.57034876461537
144,2020-07-23,70004,265.0,98.57034876461537
145,2020-07-24,73520,3516.0,98.57034876461537
146,2020-07-25,66776,-6744.0,98.57034876461537
147,2020-07-26,54217,-12559.0,95.87623700236841
148,2020-07-27,59172,4955.0,95.87623700236841
149,2020-07-28,63113,3941.0,95.87623700236841
150,2020-07-29,66780,3667.0,95.87623700236841
151,2020-07-30,68945,2165.0,95.87623700236841
152,2020-07-31,69086,141.0,95.87623700236841
153,2020-08-01,56825,-12261.0,95.87623700236841
154,2020-08-02,50794,-6031.0,113.3828126424
155,2020-08-03,47475,-3319.0,113.3828126424
156,2020-08-04,53542,6067.0,113.3828126424
157,2020-08-05,53709,167.0,113.3828126424
158,2020-08-06,57506,3797.0,113.3828126424
159,2020-08-07,61143,3637.0,113.3828126424
160,2020-08-08,55239,-5904.0,113.3828126424
161,2020-08-09,48480,-6759.0,97.91235219757142
162,2020-08-10,47167,-1313.0,97.91235219757142
163,2020-08-11,53341,6174.0,97.91235219757142
164,2020-08-12,54263,922.0,97.91235219757142
165,2020-08-13,54033,-230.0,97.91235219757142
166,2020-08-14,59452,5419.0,97.91235219757142
167,2020-08-15,50743,-8709.0,97.91235219757142
168,2020-08-16,42137,-8606.0,92.6346073045
169,2020-08-17,37467,-4670.0,92.6346073045
170,2020-08-18,43214,5747.0,92.6346073045
171,2020-08-19,42991,-223.0,92.6346073045
172,2020-08-20,45937,2946.0,92.6346073045
173,2020-08-21,48953,3016.0,92.6346073045
174,2020-08-22,45026,-3927.0,92.6346073045
175,2020-08-23,32333,-12693.0,98.04682024492593
176,2020-08-24,40264,7931.0,98.04682024492593
177,2020-08-25,39054,-1210.0,98.04682024492593
178,2020-08-26,44957,5903.0,98.04682024492593
179,2020-08-27,45780,823.0,98.04682024492593
180,2020-08-28,46509,729.0,98.04682024492593
181,2020-08-29,44609,-1900.0,98.04682024492593
182,2020-08-30,33429,-11180.0,97.43048208435484
183,2020-08-31,36379,2950.0,97.43048208435484
184,2020-09-01,43997,7618.0,97.43048208435484
185,2020-09-02,32397,-11600.0,97.43048208435484
186,2020-09-03,46331,13934.0,97.43048208435484
187,2020-09-04,52042,5711.0,97.43048208435484
188,2020-09-05,42201,-9841.0,97.43048208435484
189,2020-09-06,30050,-12151.0,74.81618823382144
190,2020-09-07,25166,-4884.0,74.81618823382144
191,2020-09-08,28848,3682.0,74.81618823382144
192,2020-09-09,33287,4439.0,74.81618823382144
193,2020-09-10,37973,4686.0,74.81618823382144
194,2020-09-11,47550,9577.0,74.81618823382144
195,2020-09-12,39104,-8446.0,74.81618823382144
196,2020-09-13,33343,-5761.0,70.33195667703124
197,2020-09-14,36823,3480.0,70.33195667703124
198,2020-09-15,39178,2355.0,70.33195667703124
199,2020-09-16,39221,43.0,70.33195667703124
200,2020-09-17,45278,6057.0,70.33195667703124
201,2020-09-18,48858,3580.0,70.33195667703124
202,2020-09-19,41811,-7047.0,70.33195667703124
203,2020-09-20,36356,-5455.0,67.38524776192592
204,2020-09-21,54879,18523.0,67.38524776192592
205,2020-09-22,37348,-17531.0,67.38524776192592
206,2020-09-23,41504,4156.0,67.38524776192592
207,2020-09-24,45176,3672.0,67.38524776192592
208,2020-09-25,54558,9382.0,67.38524776192592
209,2020-09-26,42695,-11863.0,67.38524776192592
210,2020-09-27,37298,-5397.0,83.39561990633334
211,2020-09-28,37360,62.0,83.39561990633334
212,2020-09-29,43540,6180.0,83.39561990633334
213,2020-09-30,42013,-1527.0,83.39561990633334
214,2020-10-01,46356,4343.0,83.39561990633334
215,2020-10-02,53513,7157.0,83.39561990633334
216,2020-10-03,47697,-5816.0,83.39561990633334
217,2020-10-04,35145,-12552.0,82.48191071932142
218,2020-10-05,62277,27132.0,82.48191071932142
219,2020-10-06,42797,-19480.0,82.48191071932142
220,2020-10-07,52967,10170.0,82.48191071932142
221,2020-10-08,56316,3349.0,82.48191071932142
222,2020-10-09,58907,2591.0,82.48191071932142
223,2020-10-10,51581,-7326.0,82.48191071932142
224,2020-10-11,44761,-6820.0,128.59727065510344
225,2020-10-12,47924,3163.0,128.59727065510344
226,2020-10-13,54297,6373.0,128.59727065510344
227,2020-10-14,59778,5481.0,128.59727065510344
228,2020-10-15,65267,5489.0,128.59727065510344
229,2020-10-16,70353,5086.0,128.59727065510344
230,2020-10-17,52761,-17592.0,128.59727065510344
231,2020-10-18,47882,-4879.0,159.60566954036668
232,2020-10-19,65222,17340.0,159.60566954036668
233,2020-10-20,60464,-4758.0,159.60566954036668
234,2020-10-21,64155,3691.0,159.60566954036668
235,2020-10-22,75042,10887.0,159.60566954036668
236,2020-10-23,85212,10170.0,159.60566954036668
237,2020-10-24,78545,-6667.0,159.60566954036668
238,2020-10-25,59674,-18871.0,233.69329078785717
239,2020-10-26,74518,14844.0,233.69329078785717
240,2020-10-27,74305,-213.0,233.69329078785717
241,2020-10-28,81834,7529.0,233.69329078785717
242,2020-10-29,90586,8752.0,233.69329078785717
243,2020-10-30,99789,9203.0,233.69329078785717
244,2020-10-31,84154,-15635.0,233.69329078785717
245,2020-11-01,74186,-9968.0,368.31860899629623
246,2020-11-02,94003,19817.0,368.31860899629623
247,2020-11-03,92297,-1706.0,368.31860899629623
248,2020-11-04,107987,15690.0,368.31860899629623
249,2020-11-05,121248,13261.0,368.31860899629623
250,2020-11-06,132750,11502.0,368.31860899629623
251,2020-11-07,125931,-6819.0,368.31860899629623
252,2020-11-08,103323,-22608.0,669.0171724062069
253,2020-11-09,130048,26725.0,669.0171724062069
254,2020-11-10,139503,9455.0,669.0171724062069
255,2020-11-11,142938,3435.0,669.0171724062069
256,2020-11-12,163556,20618.0,669.0171724062069
257,2020-11-13,181422,17866.0,669.0171724062069
258,2020-11-14,159033,-22389.0,669.0171724062069
259,2020-11-15,135186,-23847.0,643.9832607196666
260,2020-11-16,166312,31126.0,643.9832607196666
261,2020-11-17,161572,-4740.0,643.9832607196666
262,2020-11-18,172168,10596.0,643.9832607196666
263,2020-11-19,187438,15270.0,643.9832607196666
264,2020-11-20,198823,11385.0,643.9832607196666
265,2020-11-21,171933,-26890.0,643.9832607196666
266,2020-11-22,140697,-31236.0,687.3943601115384
267,2020-11-23,179570,38873.0,687.3943601115384
268,2020-11-24,177805,-1765.0,687.3943601115384
269,2020-11-25,180540,2735.0,687.3943601115384
270,2020-11-26,102951,-77589.0,687.3943601115384
271,2020-11-27,205819,102868.0,687.3943601115384
272,2020-11-28,151394,-54425.0,687.3943601115384
273,2020-11-29,136086,-15308.0,674.5838366967741
274,2020-11-30,167624,31538.0,674.5838366967741
275,2020-12-01,184191,16567.0,674.5838366967741
276,2020-12-02,201141,16950.0,674.5838366967741
277,2020-12-03,217716,16575.0,674.5838366967741
278,2020-12-04,231351,13635.0,674.5838366967741
279,2020-12-05,205690,-25661.0,674.5838366967741
280,2020-12-06,171894,-33796.0,703.6553546419354
281,2020-12-07,204508,32614.0,703.6553546419354
282,2020-12-08,219707,15199.0,703.6553546419354
283,2020-12-09,219703,-4.0,703.6553546419354
284,2020-12-10,225709,6006.0,703.6553546419354
285,2020-12-11,279989,54280.0,703.6553546419354
286,2020-12-12,207521,-72468.0,703.6553546419354
287,2020-12-13,184203,-23318.0,701.90675179375
288,2020-12-14,200854,16651.0,701.90675179375
289,2020-12-15,203141,2287.0,701.90675179375
290,2020-12-16,244808,41667.0,701.90675179375
291,2020-12-17,237696,-7112.0,701.90675179375
292,2020-12-18,251180,13484.0,701.90675179375
293,2020-12-19,193900,-57280.0,701.90675179375
294,2020-12-20,179907,-13993.0,762.6021236888889
295,2020-12-21,201509,21602.0,762.6021236888889
296,2020-12-22,201637,128.0,762.6021236888889
297,2020-12-23,227763,26126.0,762.6021236888889
298,2020-12-24,193456,-34307.0,762.6021236888889
299,2020-12-25,100929,-92527.0,762.6021236888889
300,2020-12-26,216860,115931.0,762.6021236888889
301,2020-12-27,152088,-64772.0,728.545039373077
302,2020-12-28,188999,36911.0,728.545039373077
303,2020-12-29,201018,12019.0,728.545039373077
304,2020-12-30,228934,27916.0,728.545039373077
305,2020-12-31,231015,2081.0,728.545039373077
306,2021-01-01,147239,-83776.0,728.545039373077
307,2021-01-02,291610,144371.0,728.545039373077
308,2021-01-03,201779,-89831.0,806.5275678359999
309,2021-01-04,251813,50034.0,806.5275678359999
310,2021-01-05,235003,-16810.0,806.5275678359999
311,2021-01-06,255945,20942.0,806.5275678359999
312,2021-01-07,280326,24381.0,806.5275678359999
313,2021-01-08,300764,20438.0,806.5275678359999
314,2021-01-09,251914,-48850.0,806.5275678359999
315,2021-01-10,208287,-43627.0,614.3782312909091
316,2021-01-11,226305,18018.0,614.3782312909091
317,2021-01-12,229971,3666.0,614.3782312909091
318,2021-01-13,229310,-661.0,614.3782312909091
319,2021-01-14,239509,10199.0,614.3782312909091
320,2021-01-15,239836,327.0,614.3782312909091
321,2021-01-16,202186,-37650.0,614.3782312909091
322,2021-01-17,170091,-32095.0,456.31458551384617
323,2021-01-18,141132,-28959.0,456.31458551384617
324,2021-01-19,185916,44784.0,456.31458551384617
325,2021-01-20,186486,570.0,456.31458551384617
326,2021-01-21,190469,3983.0,456.31458551384617
327,2021-01-22,191546,1077.0,456.31458551384617
328,2021-01-23,167917,-23629.0,456.31458551384617
329,2021-01-24,129676,-38241.0,344.2781788388
330,2021-01-25,156569,26893.0,344.2781788388
331,2021-01-26,150626,-5943.0,344.2781788388
332,2021-01-27,155768,5142.0,344.2781788388
333,2021-01-28,166171,10403.0,344.2781788388
334,2021-01-29,164608,-1563.0,344.2781788388
335,2021-01-30,133793,-30815.0,344.2781788388
336,2021-01-31,114039,-19754.0,325.86488397045457
337,2021-02-01,141588,27549.0,325.86488397045457
338,2021-02-02,115254,-26334.0,325.86488397045457
339,2021-02-03,120175,4921.0,325.86488397045457
340,2021-02-04,125632,5457.0,325.86488397045457
341,2021-02-05,129487,3855.0,325.86488397045457
342,2021-02-06,104940,-24547.0,325.86488397045457
343,2021-02-07,87275,-17665.0,218.57329042652174
344,2021-02-08,92967,5692.0,218.57329042652174
345,2021-02-09,96381,3414.0,218.57329042652174
346,2021-02-10,94965,-1416.0,218.57329042652174
347,2021-02-11,105637,10672.0,218.57329042652174
348,2021-02-12,99624,-6013.0,218.57329042652174
349,2021-02-13,84649,-14975.0,218.57329042652174
350,2021-02-14,63777,-20872.0,152.89588391499998
351,2021-02-15,55268,-8509.0,152.89588391499998
352,2021-02-16,64538,9270.0,152.89588391499998
353,2021-02-17,70159,5621.0,152.89588391499998
354,2021-02-18,71789,1630.0,152.89588391499998
355,2021-02-19,78002,6213.0,152.89588391499998
356,2021-02-20,69719,-8283.0,152.89588391499998
357,2021-02-21,55176,-14543.0,159.725659814875
358,2021-02-22,59459,4283.0,159.725659814875
359,2021-02-23,71913,12454.0,159.725659814875
360,2021-02-24,74192,2279.0,159.725659814875
361,2021-02-25,77881,3689.0,159.725659814875
362,2021-02-26,78313,432.0,159.725659814875
363,2021-02-27,62673,-15640.0,159.725659814875
364,2021-02-28,50904,-11769.0,170.68230700045
365,2021-03-01,56695,5791.0,170.68230700045
366,2021-03-02,57639,944.0,170.68230700045
367,2021-03-03,66609,8970.0,170.68230700045
368,2021-03-04,67280,671.0,170.68230700045
369,2021-03-05,65695,-1585.0,170.68230700045
370,2021-03-06,56583,-9112.0,170.68230700045
371,2021-03-07,40064,-16519.0,149.49048125925
372,2021-03-08,94511,54447.0,149.49048125925
373,2021-03-09,55898,-38613.0,149.49048125925
374,2021-03-10,58191,2293.0,149.49048125925
375,2021-03-11,62385,4194.0,149.49048125925
376,2021-03-12,64157,1772.0,149.49048125925
377,2021-03-13,49556,-14601.0,149.49048125925
378,2021-03-14,37989,-11567.0,168.18922371050002
379,2021-03-15,57159,19170.0,168.18922371050002
380,2021-03-16,54531,-2628.0,168.18922371050002
381,2021-03-17,58928,4397.0,168.18922371050002
382,2021-03-18,60466,1538.0,168.18922371050002
383,2021-03-19,60623,157.0,168.18922371050002
384,2021-03-20,54425,-6198.0,168.18922371050002
385,2021-03-21,34193,-20232.0,177.51348889956523
386,2021-03-22,54712,20519.0,177.51348889956523
387,2021-03-23,56744,2032.0,177.51348889956523
388,2021-03-24,79900,23156.0,177.51348889956523
389,2021-03-25,69111,-10789.0,177.51348889956523
390,2021-03-26,74497,5386.0,177.51348889956523
391,2021-03-27,60699,-13798.0,177.51348889956523
392,2021-03-28,44512,-16187.0,203.21088419799997
393,2021-03-29,70735,26223.0,203.21088419799997
394,2021-03-30,62233,-8502.0,203.21088419799997
395,2021-03-31,67934,5701.0,203.21088419799997
396,2021-04-01,77190,9256.0,203.21088419799997
397,2021-04-02,68587,-8603.0,203.21088419799997
398,2021-04-03,64132,-4455.0,203.21088419799997
399,2021-04-04,36823,-27309.0,202.0953602609091
400,2021-04-05,76587,39764.0,202.0953602609091
401,2021-04-06,61970,-14617.0,202.0953602609091
402,2021-04-07,73087,11117.0,202.0953602609091
403,2021-04-08,80456,7369.0,202.0953602609091
404,2021-04-09,81579,1123.0,202.0953602609091
405,2021-04-10,64756,-16823.0,202.0953602609091
406,2021-04-11,47975,-16781.0,177.9369129368421
407,2021-04-12,71927,23952.0,177.9369129368421
408,2021-04-13,77316,5389.0,177.9369129368421
409,2021-04-14,75746,-1570.0,177.9369129368421
410,2021-04-15,73689,-2057.0,177.9369129368421
411,2021-04-16,78351,4662.0,177.9369129368421
412,2021-04-17,53868,-24483.0,177.9369129368421
413,2021-04-18,41395,-12473.0,160.6166693458261
414,2021-04-19,70250,28855.0,160.6166693458261
415,2021-04-20,61019,-9231.0,160.6166693458261
416,2021-04-21,62482,1463.0,160.6166693458261
417,2021-04-22,66229,3747.0,160.6166693458261
418,2021-04-23,63782,-2447.0,160.6166693458261
419,2021-04-24,50468,-13314.0,160.6166693458261
420,2021-04-25,33587,-16881.0,138.83405512515787
421,2021-04-26,47327,13740.0,138.83405512515787
422,2021-04-27,51861,4534.0,138.83405512515787
423,2021-04-28,54806,2945.0,138.83405512515787
424,2021-04-29,57574,2768.0,138.83405512515787
425,2021-04-30,58512,938.0,138.83405512515787
426,2021-05-01,44748,-13764.0,138.83405512515787
427,2021-05-02,29632,-15116.0,96.50749966375001
428,2021-05-03,49938,20306.0,96.50749966375001
429,2021-05-04,40932,-9006.0,96.50749966375001
430,2021-05-05,44707,3775.0,96.50749966375001
431,2021-05-06,47690,2983.0,96.50749966375001
432,2021-05-07,47490,-200.0,96.50749966375001
433,2021-05-08,33655,-13835.0,96.50749966375001
434,2021-05-09,22326,-11329.0,71.23271406713637
435,2021-05-10,36550,14224.0,71.23271406713637
436,2021-05-11,34040,-2510.0,71.23271406713637
437,2021-05-12,35466,1426.0,71.23271406713637
438,2021-05-13,38437,2971.0,71.23271406713637
439,2021-05-14,40965,2528.0,71.23271406713637
440,2021-05-15,29039,-11926.0,71.23271406713637
441,2021-05-16,16709,-12330.0,67.0091203905
442,2021-05-17,29195,12486.0,67.0091203905
443,2021-05-18,27857,-1338.0,67.0091203905
444,2021-05-19,28785,928.0,67.0091203905
445,2021-05-20,29612,827.0,67.0091203905
446,2021-05-21,29004,-608.0,67.0091203905
447,2021-05-22,18315,-10689.0,67.0091203905
448,2021-05-23,14148,-4167.0,46.69377756757143
449,2021-05-24,25626,11478.0,46.69377756757143
450,2021-05-25,22833,-2793.0,46.69377756757143
451,2021-05-26,23384,551.0,46.69377756757143
452,2021-05-27,27736,4352.0,46.69377756757143
453,2021-05-28,22022,-5714.0,46.69377756757143
454,2021-05-29,11560,-10462.0,46.69377756757143
455,2021-05-30,7442,-4118.0,36.61005268729166
456,2021-05-31,5503,-1939.0,36.61005268729166
457,2021-06-01,22553,17050.0,36.61005268729166
458,2021-06-02,16844,-5709.0,36.61005268729166
459,2021-06-03,19465,2621.0,36.61005268729166
460,2021-06-04,-24010,-43475.0,36.61005268729166
461,2021-06-05,10448,34458.0,36.61005268729166
462,2021-06-06,6153,-4295.0,58.83374181176786
463,2021-06-07,19446,13293.0,58.83374181176786
464,2021-06-08,14180,-5266.0,58.83374181176786
465,2021-06-09,20655,6475.0,58.83374181176786
466,2021-06-10,15793,-4862.0,58.83374181176786
467,2021-06-11,16821,1028.0,58.83374181176786
468,2021-06-12,8279,-8542.0,58.83374181176786
469,2021-06-13,6787,-1492.0,60.93158785502778
470,2021-06-14,15111,8324.0,60.93158785502778
471,2021-06-15,11865,-3246.0,60.93158785502778
472,2021-06-16,14401,2536.0,60.93158785502778
473,2021-06-17,12182,-2219.0,60.93158785502778
474,2021-06-18,12699,517.0,60.93158785502778
475,2021-06-19,7580,-5119.0,60.93158785502778
476,2021-06-20,4063,-3517.0,68.41962870680723
477,2021-06-21,15827,11764.0,68.41962870680723
478,2021-06-22,12741,-3086.0,68.41962870680723
479,2021-06-23,14025,1284.0,68.41962870680723
480,2021-06-24,14689,664.0,68.41962870680723
481,2021-06-25,14951,262.0,68.41962870680723
482,2021-06-26,6791,-8160.0,68.41962870680723
483,2021-06-27,4087,-2704.0,76.774363962425
484,2021-06-28,15532,11445.0,76.774363962425
485,2021-06-29,15725,193.0,76.774363962425
486,2021-06-30,15968,243.0,76.774363962425
487,2021-07-01,64950,48982.0,76.774363962425
488,2021-07-02,20429,-44521.0,76.774363962425
489,2021-07-03,3993,-16436.0,76.774363962425
490,2021-07-04,2922,-1071.0,100.31627067325925
491,2021-07-05,4591,1669.0,100.31627067325925
492,2021-07-06,27056,22465.0,100.31627067325925
493,2021-07-07,30205,3149.0,100.31627067325925
494,2021-07-08,49218,19013.0,100.31627067325925
495,2021-07-09,35327,-13891.0,100.31627067325925
496,2021-07-10,7758,-27569.0,100.31627067325925
497,2021-07-11,5543,-2215.0,136.6202859977439
498,2021-07-12,35360,29817.0,136.6202859977439
499,2021-07-13,42969,7609.0,136.6202859977439
500,2021-07-14,38051,-4918.0,136.6202859977439
501,2021-07-15,36016,-2035.0,136.6202859977439
502,2021-07-16,52220,16204.0,136.6202859977439
503,2021-07-17,12445,-39775.0,136.6202859977439
504,2021-07-18,9027,-3418.0,236.04974932703527
505,2021-07-19,59181,50154.0,236.04974932703527
506,2021-07-20,62103,2922.0,236.04974932703527
507,2021-07-21,60053,-2050.0,236.04974932703527
508,2021-07-22,65505,5452.0,236.04974932703527
509,2021-07-23,82780,17275.0,236.04974932703527
510,2021-07-24,21590,-61190.0,236.04974932703527
511,2021-07-25,13833,-7757.0,370.6330840485882
512,2021-07-26,93081,79248.0,370.6330840485882
513,2021-07-27,106810,13729.0,370.6330840485882
514,2021-07-28,84953,-21857.0,370.6330840485882
515,2021-07-29,98287,13334.0,370.6330840485882
516,2021-07-30,122662,24375.0,370.6330840485882
517,2021-07-31,29698,-92964.0,370.6330840485882
518,2021-08-01,22894,-6804.0,435.7628778522353
519,2021-08-02,136147,113253.0,435.7628778522353
520,2021-08-03,150282,14135.0,435.7628778522353
521,2021-08-04,112314,-37968.0,435.7628778522353
522,2021-08-05,126943,14629.0,435.7628778522353
523,2021-08-06,168330,41387.0,435.7628778522353
524,2021-08-07,42115,-126215.0,435.7628778522353
525,2021-08-08,36068,-6047.0,502.95276694528735
526,2021-08-09,178639,142571.0,502.95276694528735
527,2021-08-10,162047,-16592.0,502.95276694528735
528,2021-08-11,155529,-6518.0,502.95276694528735
529,2021-08-12,138661,-16868.0,502.95276694528735
530,2021-08-13,187346,48685.0,502.95276694528735
531,2021-08-14,49817,-137529.0,502.95276694528735
532,2021-08-15,43818,-5999.0,499.315714334125
533,2021-08-16,259386,215568.0,499.315714334125
534,2021-08-17,144234,-115152.0,499.315714334125
535,2021-08-18,164832,20598.0,499.315714334125
536,2021-08-19,159724,-5108.0,499.315714334125
537,2021-08-20,199196,39472.0,499.315714334125
538,2021-08-21,79346,-119850.0,499.315714334125
539,2021-08-22,40573,-38773.0,561.9115372703125
540,2021-08-23,266004,225431.0,561.9115372703125
541,2021-08-24,150071,-115933.0,561.9115372703125
542,2021-08-25,170789,20718.0,561.9115372703125
543,2021-08-26,187653,16864.0,561.9115372703125
544,2021-08-27,195732,8079.0,561.9115372703125
545,2021-08-28,85259,-110473.0,561.9115372703125
546,2021-08-29,42158,-43101.0,822.4686503303703
547,2021-08-30,280096,237938.0,822.4686503303703
548,2021-08-31,160044,-120052.0,822.4686503303703
549,2021-09-01,210814,50770.0,822.4686503303703
550,2021-09-02,175527,-35287.0,822.4686503303703
551,2021-09-03,191278,15751.0,822.4686503303703
552,2021-09-04,65961,-125317.0,822.4686503303703
553,2021-09-05,44417,-21544.0,663.7954826746667
554,2021-09-06,76882,32465.0,663.7954826746667
555,2021-09-07,300937,224055.0,663.7954826746667
556,2021-09-08,183864,-117073.0,663.7954826746667
557,2021-09-09,170570,-13294.0,663.7954826746667
558,2021-09-10,175910,5340.0,663.7954826746667
559,2021-09-11,73926,-101984.0,663.7954826746667
560,2021-09-12,39406,-34520.0,583.7950706376668
561,2021-09-13,284884,245478.0,583.7950706376668
562,2021-09-14,152477,-132407.0,583.7950706376668
563,2021-09-15,170195,17718.0,583.7950706376668
564,2021-09-16,154883,-15312.0,583.7950706376668
565,2021-09-17,166362,11479.0,583.7950706376668
566,2021-09-18,68180,-98182.0,583.7950706376668
567,2021-09-19,39956,-28224.0,485.782044401875
568,2021-09-20,207855,167899.0,485.782044401875
569,2021-09-21,129776,-78079.0,485.782044401875
570,2021-09-22,147492,17716.0,485.782044401875
571,2021-09-23,127625,-19867.0,485.782044401875
572,2021-09-24,139861,12236.0,485.782044401875
573,2021-09-25,51592,-88269.0,485.782044401875
574,2021-09-26,34235,-17357.0,513.4555409555555
575,2021-09-27,194501,160266.0,513.4555409555555
576,2021-09-28,113340,-81161.0,513.4555409555555
577,2021-09-29,128512,15172.0,513.4555409555555
578,2021-09-30,115704,-12808.0,513.4555409555555
579,2021-10-01,125649,9945.0,513.4555409555555
580,2021-10-02,44222,-81427.0,513.4555409555555
581,2021-10-03,25839,-18383.0,467.608549699697
582,2021-10-04,172402,146563.0,467.608549699697
583,2021-10-05,98602,-73800.0,467.608549699697
584,2021-10-06,125631,27029.0,467.608549699697
585,2021-10-07,105264,-20367.0,467.608549699697
586,2021-10-08,112795,7531.0,467.608549699697
587,2021-10-09,37334,-75461.0,467.608549699697
588,2021-10-10,23039,-14295.0,390.3046015274074
589,2021-10-11,123462,100423.0,390.3046015274074
590,2021-10-12,111391,-12071.0,390.3046015274074
591,2021-10-13,106423,-4968.0,390.3046015274074
592,2021-10-14,88874,-17549.0,390.3046015274074
593,2021-10-15,98455,9581.0,390.3046015274074
594,2021-10-16,33541,-64914.0,390.3046015274074
595,2021-10-17,22152,-11389.0,381.1738260656667
596,2021-10-18,121837,99685.0,381.1738260656667
597,2021-10-19,83520,-38317.0,381.1738260656667
598,2021-10-20,86622,3102.0,381.1738260656667
599,2021-10-21,81721,-4901.0,381.1738260656667
600,2021-10-22,87204,5483.0,381.1738260656667
601,2021-10-23,29824,-57380.0,381.1738260656667
602,2021-10-24,17102,-12722.0,496.0600407384615
603,2021-10-25,105362,88260.0,496.0600407384615
604,2021-10-26,87271,-18091.0,496.0600407384615
605,2021-10-27,94423,7152.0,496.0600407384615
606,2021-10-28,86089,-8334.0,496.0600407384615
607,2021-10-29,88612,2523.0,496.0600407384615
608,2021-10-30,29411,-59201.0,496.0600407384615
609,2021-10-31,18826,-10585.0,568.3393324678572
610,2021-11-01,124492,105666.0,568.3393324678572
611,2021-11-02,76943,-47549.0,568.3393324678572
612,2021-11-03,84720,7777.0,568.3393324678572
613,2021-11-04,82990,-1730.0,568.3393324678572
614,2021-11-05,91689,8699.0,568.3393324678572
615,2021-11-06,31939,-59750.0,568.3393324678572
616,2021-11-07,22032,-9907.0,612.600851396
617,2021-11-08,126412,104380.0,612.600851396
618,2021-11-09,83587,-42825.0,612.600851396
619,2021-11-10,98329,14742.0,612.600851396
620,2021-11-11,64574,-33755.0,612.600851396
621,2021-11-12,129328,64754.0,612.600851396
622,2021-11-13,61397,-67931.0,612.600851396
623,2021-11-14,23559,-37838.0,637.6308667572414
624,2021-11-15,148595,125036.0,637.6308667572414
625,2021-11-16,90445,-58150.0,637.6308667572414
626,2021-11-17,114325,23880.0,637.6308667572414
627,2021-11-18,110248,-4077.0,637.6308667572414
628,2021-11-19,119627,9379.0,637.6308667572414
629,2021-11-20,41064,-78563.0,637.6308667572414
630,2021-11-21,31364,-9700.0,859.5389877716
631,2021-11-22,158898,127534.0,859.5389877716
632,2021-11-23,92723,-66175.0,859.5389877716
633,2021-11-24,119872,27149.0,859.5389877716
634,2021-11-25,30853,-89019.0,859.5389877716
635,2021-11-26,51507,20654.0,859.5389877716
636,2021-11-27,24679,-26828.0,859.5389877716
637,2021-11-28,23942,-737.0,981.7476504477777
638,2021-11-29,216296,192354.0,981.7476504477777
639,2021-11-30,109274,-107022.0,981.7476504477777
640,2021-12-01,139320,30046.0,981.7476504477777
641,2021-12-02,138684,-636.0,981.7476504477777
642,2021-12-03,153233,14549.0,981.7476504477777
643,2021-12-04,58144,-95089.0,981.7476504477777
644,2021-12-05,34564,-23580.0,986.9236282214287
645,2021-12-06,197422,162858.0,986.9236282214287
646,2021-12-07,113984,-83438.0,986.9236282214287
647,2021-12-08,149045,35061.0,986.9236282214287
648,2021-12-09,123505,-25540.0,986.9236282214287
649,2021-12-10,165042,41537.0,986.9236282214287
650,2021-12-11,51345,-113697.0,986.9236282214287
651,2021-12-12,36356,-14989.0,1239.5922132592593
652,2021-12-13,202883,166527.0,1239.5922132592593
653,2021-12-14,116859,-86024.0,1239.5922132592593
654,2021-12-15,145231,28372.0,1239.5922132592593
655,2021-12-16,146310,1079.0,1239.5922132592593
656,2021-12-17,171145,24835.0,1239.5922132592593
657,2021-12-18,74663,-96482.0,1239.5922132592593
658,2021-12-19,72464,-2199.0,2014.597433376
659,2021-12-20,302882,230418.0,2014.597433376
660,2021-12-21,189471,-113411.0,2014.597433376
661,2021-12-22,243668,54197.0,2014.597433376
662,2021-12-23,265202,21534.0,2014.597433376
663,2021-12-24,183925,-81277.0,2014.597433376
664,2021-12-25,58348,-125577.0,2014.597433376
665,2021-12-26,189714,131366.0,4075.004930074074
666,2021-12-27,543509,353795.0,4075.004930074074
667,2021-12-28,380712,-162797.0,4075.004930074074
668,2021-12-29,489021,108309.0,4075.004930074074
669,2021-12-30,584990,95969.0,4075.004930074074
670,2021-12-31,446526,-138464.0,4075.004930074074
671,2022-01-01,161060,-285466.0,4075.004930074074
672,2022-01-02,286637,125577.0,3931.6451239758617
673,2022-01-03,1018935,732298.0,3931.6451239758617
674,2022-01-04,885906,-133029.0,3931.6451239758617
675,2022-01-05,703583,-182323.0,3931.6451239758617
676,2022-01-06,758955,55372.0,3931.6451239758617
677,2022-01-07,899927,140972.0,3931.6451239758617
678,2022-01-08,446240,-453687.0,3931.6451239758617
679,2022-01-09,315335,-130905.0,3079.539660148148
680,2022-01-10,1433977,1118642.0,3079.539660148148
681,2022-01-11,769928,-664049.0,3079.539660148148
682,2022-01-12,880982,111054.0,3079.539660148148
683,2022-01-13,866822,-14160.0,3079.539660148148
684,2022-01-14,932888,66066.0,3079.539660148148
685,2022-01-15,423227,-509661.0,3079.539660148148
686,2022-01-16,337406,-85821.0,2154.540328324138
687,2022-01-17,711788,374382.0,2154.540328324138
688,2022-01-18,1178403,466615.0,2154.540328324138
689,2022-01-19,850503,-327900.0,2154.540328324138
690,2022-01-20,747596,-102907.0,2154.540328324138
691,2022-01-21,825315,77719.0,2154.540328324138
692,2022-01-22,337384,-487931.0,2154.540328324138
693,2022-01-23,199481,-137903.0,1436.9220048039215
694,2022-01-24,1030047,830566.0,1436.9220048039215
695,2022-01-25,510913,-519134.0,1436.9220048039215
696,2022-01-26,682837,171924.0,1436.9220048039215
697,2022-01-27,529521,-153316.0,1436.9220048039215
698,2022-01-28,551885,22364.0,1436.9220048039215
699,2022-01-29,245186,-306699.0,1436.9220048039215
700,2022-01-30,103292,-141894.0,938.7778470253012
701,2022-01-31,661446,558154.0,938.7778470253012
702,2022-02-01,296405,-365041.0,938.7778470253012
703,2022-02-02,323572,27167.0,938.7778470253012
704,2022-02-03,312242,-11330.0,938.7778470253012
705,2022-02-04,312980,738.0,938.7778470253012
706,2022-02-05,123767,-189213.0,938.7778470253012
707,2022-02-06,56152,-67615.0,536.7957774441935
708,2022-02-07,347620,291468.0,536.7957774441935
709,2022-02-08,188173,-159447.0,536.7957774441935
710,2022-02-09,231828,43655.0,536.7957774441935
711,2022-02-10,173593,-58235.0,536.7957774441935
712,2022-02-11,167984,-5609.0,536.7957774441935
713,2022-02-12,63962,-104022.0,536.7957774441935
714,2022-02-13,33698,-30264.0,309.3646458677895
715,2022-02-14,206029,172331.0,309.3646458677895
716,2022-02-15,115512,-90517.0,309.3646458677895
717,2022-02-16,140569,25057.0,309.3646458677895
718,2022-02-17,103865,-36704.0,309.3646458677895
719,2022-02-18,109609,5744.0,309.3646458677895
720,2022-02-19,44878,-64731.0,309.3646458677895
721,2022-02-20,25847,-19031.0,218.91018780744898
722,2022-02-21,55385,29538.0,218.91018780744898
723,2022-02-22,122724,67339.0,218.91018780744898
724,2022-02-23,84544,-38180.0,218.91018780744898
725,2022-02-24,73406,-11138.0,218.91018780744898
726,2022-02-25,85086,11680.0,218.91018780744898
727,2022-02-26,25222,-59864.0,218.91018780744898
728,2022-02-27,8853,-16369.0,227.60470570989472
729,2022-02-28,107571,98718.0,227.60470570989472
730,2022-03-01,43583,-63988.0,227.60470570989472
731,2022-03-02,58146,14563.0,227.60470570989472
732,2022-03-03,51069,-7077.0,227.60470570989472
733,2022-03-04,49587,-1482.0,227.60470570989472
734,2022-03-05,16511,-33076.0,227.60470570989472
735,2022-03-06,6578,-9933.0,147.25347423881186
736,2022-03-07,63052,56474.0,147.25347423881186
737,2022-03-08,33721,-29331.0,147.25347423881186
738,2022-03-09,47558,13837.0,147.25347423881186
739,2022-03-10,38070,-9488.0,147.25347423881186
740,2022-03-11,44255,6185.0,147.25347423881186
741,2022-03-12,10922,-33333.0,147.25347423881186
742,2022-03-13,6302,-4620.0,135.1178808810101
743,2022-03-14,48968,42666.0,135.1178808810101
744,2022-03-15,48279,-689.0,135.1178808810101
745,2022-03-16,39331,-8948.0,135.1178808810101
746,2022-03-17,35929,-3402.0,135.1178808810101
747,2022-03-18,36424,495.0,135.1178808810101
748,2022-03-19,12119,-24305.0,135.1178808810101
749,2022-03-20,7818,-4301.0,137.5547532693
750,2022-03-21,46056,38238.0,137.5547532693
751,2022-03-22,25585,-20471.0,137.5547532693
752,2022-03-23,47597,22012.0,137.5547532693
753,2022-03-24,37776,-9821.0,137.5547532693
754,2022-03-25,33696,-4080.0,137.5547532693
755,2022-03-26,12055,-21641.0,137.5547532693
756,2022-03-27,7468,-4587.0,183.8735110320102
757,2022-03-28,42194,34726.0,183.8735110320102
758,2022-03-29,25569,-16625.0,183.8735110320102
759,2022-03-30,45403,19834.0,183.8735110320102
760,2022-03-31,37732,-7671.0,183.8735110320102
761,2022-04-01,32435,-5297.0,183.8735110320102
762,2022-04-02,11395,-21040.0,183.8735110320102
763,2022-04-03,4855,-6540.0,284.41353650831684
764,2022-04-04,40991,36136.0,284.41353650831684
765,2022-04-05,30850,-10141.0,284.41353650831684
766,2022-04-06,49290,18440.0,284.41353650831684
767,2022-04-07,35654,-13636.0,284.41353650831684
768,2022-04-08,44101,8447.0,284.41353650831684
769,2022-04-09,13521,-30580.0,284.41353650831684
770,2022-04-10,8161,-5360.0,336.55067654285716
771,2022-04-11,49422,41261.0,336.55067654285716
