fips,cluster
01001,1
01003,1
01005,1
01007,1
01009,1
01011,1
01013,1
01015,1
01017,1
01019,1
01021,1
01023,0
01025,1
01027,1
01029,1
01031,1
01033,1
01035,1
01037,1
01039,1
01041,1
01043,1
01045,1
01047,1
01049,1
01051,1
01053,1
01055,1
01057,1
01059,1
01061,1
01063,1
01065,1
01067,1
01069,1
01071,1
01073,1
01075,0
01077,1
01079,1
01081,1
01083,1
01085,1
01087,1
01089,1
01091,1
01093,1
01095,1
01097,1
01099,1
01101,1
01103,1
01105,1
01107,1
01109,1
01111,1
01113,1
01115,1
01117,1
01119,0
01121,1
01123,1
01125,1
01127,1
01129,1
01131,1
01133,1
02013,0
02016,1
02020,0
02068,1
02070,0
02090,0
02100,1
02110,1
02122,1
02130,0
02150,1
02158,0
02170,0
02185,1
02195,0
02198,1
02230,1
02240,0
02275,0
02290,0
04001,0
04003,0
04005,0
04007,0
04009,0
04011,0
04012,0
04013,1
04015,1
04017,0
04019,0
04021,0
04023,0
04025,0
04027,1
05001,1
05003,1
05005,1
05007,1
05009,1
05011,1
05013,1
05015,1
05017,1
05019,1
05021,1
05023,1
05025,1
05027,1
05029,1
05031,1
05033,1
05035,1
05037,1
05039,1
05041,1
05043,1
05045,1
05047,1
05049,0
05051,1
05053,1
05055,1
05057,1
05059,1
05061,1
05063,1
05065,1
05067,0
05069,1
05071,1
05073,1
05075,1
05081,1
05083,1
05085,1
05087,1
05089,1
05091,1
05093,1
05095,1
05097,1
05099,1
05101,1
05103,1
05105,1
05107,1
05109,1
05111,1
05113,1
05115,1
05117,1
05119,1
05121,1
05123,1
05125,1
05127,1
05129,1
05131,1
05133,1
05135,1
05137,1
05139,1
05141,1
05143,1
05145,1
05147,1
05149,1
06001,0
06003,0
06005,1
06007,1
06009,1
06011,1
06013,1
06015,1
06017,1
06019,1
06021,1
06023,1
06025,0
06027,0
06029,1
06031,1
06033,1
06035,1
06037,1
06039,1
06041,0
06043,0
06045,1
06047,1
06049,0
06051,0
06053,0
06055,1
06057,1
06059,1
06061,1
06063,0
06065,1
06067,1
06069,0
06071,1
06073,1
06075,0
06077,1
06079,1
06081,0
06083,1
06085,0
06087,0
06089,1
06091,0
06093,1
06095,1
06097,0
06099,1
06101,1
06103,1
06105,0
06107,1
06109,1
06111,1
06113,1
06115,1
08001,0
08003,0
08005,0
08007,0
08009,0
08013,0
08014,0
08015,0
08017,0
08019,0
08021,0
08023,0
08027,0
08029,0
08031,0
08033,0
08035,0
08037,0
08039,0
08041,0
08043,0
08045,0
08047,0
08049,0
08051,0
08053,1
08055,0
08057,0
08059,0
08063,0
08065,0
08067,0
08069,0
08071,0
08073,0
08075,0
08077,0
08079,0
08081,0
08083,0
08085,0
08087,0
08089,0
08091,0
08093,0
08095,0
08099,0
08101,0
08103,0
08105,0
08107,0
08109,0
08113,0
08115,0
08117,0
08119,0
08121,0
08123,0
08125,0
09001,0
09003,0
09005,0
09007,0
09009,0
09011,0
09013,0
09015,0
10001,0
10003,0
10005,0
11001,0
12001,1
12003,1
12005,1
12007,1
12009,1
12011,1
12013,1
12015,1
12017,1
12019,1
12021,1
12023,1
12027,1
12029,1
12031,1
12033,1
12035,1
12037,1
12039,1
12041,1
12043,1
12045,1
12047,1
12049,1
12051,1
12053,1
12055,1
12057,1
12059,1
12061,1
12063,1
12065,1
12067,1
12069,1
12071,1
12073,1
12075,1
12077,1
12079,1
12081,1
12083,1
12085,1
12086,1
12087,1
12089,1
12091,1
12093,1
12095,1
12097,1
12099,1
12101,1
12103,1
12105,1
12107,1
12109,1
12111,1
12113,1
12115,1
12117,1
12119,1
12121,1
12123,1
12125,1
12127,1
12129,1
12131,1
12133,1
13001,1
13003,1
13005,1
13007,1
13009,1
13011,1
13013,1
13015,1
13017,1
13019,1
13021,1
13023,1
13025,1
13027,1
13029,1
13031,1
13033,1
13035,1
13037,1
13039,1
13043,1
13045,1
13047,1
13049,1
13051,1
13055,1
13057,1
13059,1
13061,1
13063,1
13065,1
13067,1
13069,1
13071,1
13073,1
13075,1
13077,1
13079,1
13081,1
13083,1
13085,1
13087,1
13089,1
13091,1
13093,1
13095,1
13097,1
13099,1
13103,1
13105,1
13107,1
13109,1
13111,1
13113,1
13115,1
13117,1
13119,1
13121,1
13123,1
13125,1
13127,1
13129,1
13131,1
13133,1
13135,1
13137,1
13139,1
13141,1
13143,1
13145,1
13147,1
13149,1
13151,1
13153,1
13155,1
13157,1
13159,1
13161,1
13163,1
13165,1
13167,1
13169,1
13171,1
13173,1
13175,1
13177,1
13179,1
13181,1
13183,1
13185,1
13187,1
13189,1
13191,1
13193,1
13195,1
13197,1
13199,1
13201,1
13205,1
13207,1
13209,1
13211,1
13213,1
13215,1
13217,1
13219,1
13221,1
13223,1
13225,1
13227,1
13229,1
13231,1
13233,1
13235,1
13237,1
13239,1
13241,1
13243,1
13245,1
13247,1
13249,1
13251,1
13253,1
13255,1
13257,1
13261,1
13263,1
13265,1
13267,1
13269,1
13271,1
13273,1
13275,1
13277,1
13279,1
13281,1
13283,1
13285,1
13287,1
13289,1
13291,1
13293,1
13295,1
13297,1
13299,1
13301,1
13303,1
13305,1
13307,1
13309,1
13311,1
13313,1
13315,1
13317,1
13319,1
13321,1
15001,1
15003,1
15005,0
15007,0
15009,1
16001,0
16003,0
16005,0
16007,0
16009,0
16011,0
16013,0
16015,0
16017,0
16019,0
16021,0
16023,0
16025,0
16027,1
16029,0
16031,0
16033,0
16035,1
16037,0
16039,1
16041,0
16043,0
16045,0
16047,1
16049,0
16051,0
16053,1
16055,0
16057,0
16059,0
16061,1
16063,0
16065,0
16067,0
16069,1
16071,0
16073,0
16075,1
16077,0
16079,0
16081,0
16083,1
16085,1
16087,1
17001,1
17003,1
17005,0
17007,0
17009,1
17011,0
17013,0
17015,0
17017,0
17019,0
17021,0
17023,0
17025,1
17027,0
17029,0
17031,0
17033,1
17035,0
17037,0
17039,0
17041,0
17043,0
17045,0
17047,1
17049,0
17051,0
17053,0
17055,1
17057,0
17059,1
17061,1
17063,0
17065,1
17067,0
17069,0
17071,0
17073,0
17075,0
17077,1
17079,1
17081,1
17083,0
17085,0
17087,1
17089,0
17091,0
17093,0
17095,0
17097,0
17099,0
17101,0
17103,0
17105,0
17107,0
17109,0
17111,0
17113,0
17115,0
17117,0
17119,0
17121,1
17123,0
17125,0
17127,1
17129,0
17131,0
17133,0
17135,0
17137,0
17139,0
17141,0
17143,0
17145,1
17147,0
17149,0
17151,0
17153,1
17155,0
17157,1
17159,1
17161,0
17163,0
17165,1
17167,0
17169,0
17171,1
17173,0
17175,0
17177,0
17179,0
17181,1
17183,0
17185,1
17187,0
17189,1
17191,1
17193,1
17195,0
17197,0
17199,1
17201,0
17203,0
18001,0
18003,0
18005,0
18007,0
18009,0
18011,0
18013,0
18015,0
18017,0
18019,1
18021,1
18023,0
18025,1
18027,0
18029,0
18031,0
18033,0
18035,0
18037,1
18039,0
18041,0
18043,1
18045,0
18047,0
18049,0
18051,1
18053,0
18055,0
18057,0
18059,0
18061,1
18063,0
18065,0
18067,0
18069,0
18071,0
18073,0
18075,0
18077,0
18079,0
18081,0
18083,1
18085,0
18087,0
18089,0
18091,0
18093,1
18095,0
18097,0
18099,0
18101,1
18103,0
18105,0
18107,0
18109,0
18111,0
18113,0
18115,1
18117,1
18119,0
18121,1
18123,0
18125,1
18127,0
18129,1
18131,0
18133,1
18135,0
18137,0
18139,0
18141,0
18143,1
18145,0
18147,1
18149,0
18151,0
18153,1
18155,1
18157,0
18159,0
18161,0
18163,1
18165,0
18167,0
18169,0
18171,0
18173,1
18175,0
18177,0
18179,0
18181,0
18183,0
19001,0
19003,0
19005,0
19007,0
19009,0
19011,0
19013,0
19015,0
19017,0
19019,0
19021,0
19023,0
19025,0
19027,0
19029,0
19031,0
19033,0
19035,0
19037,0
19039,0
19041,0
19043,0
19045,0
19047,1
19049,0
19051,0
19053,0
19055,0
19057,0
19059,0
19061,0
19063,0
19065,0
19067,0
19069,0
19071,0
19073,0
19075,0
19077,0
19079,0
19081,0
19083,0
19085,0
19087,0
19089,0
19091,0
19093,0
19095,0
19097,0
19099,0
19101,0
19103,0
19105,0
19107,0
19109,0
19111,1
19113,0
19115,0
19117,0
19119,0
19121,0
19123,0
19125,0
19127,0
19129,0
19131,0
19133,0
19135,0
19137,0
19139,0
19141,0
19143,0
19145,0
19147,0
19149,0
19151,0
19153,0
19155,0
19157,0
19159,0
19161,0
19163,0
19165,0
19167,0
19169,0
19171,0
19173,0
19175,0
19177,0
19179,0
19181,0
19183,0
19185,0
19187,0
19189,0
19191,0
19193,0
19195,0
19197,0
20001,0
20003,0
20005,1
20007,0
20009,0
20011,1
20013,0
20015,0
20017,0
20019,0
20021,1
20023,0
20025,0
20027,0
20029,0
20031,0
20033,0
20035,0
20037,1
20039,0
20041,0
20043,0
20045,0
20047,0
20049,0
20051,0
20053,0
20055,0
20057,0
20059,0
20061,0
20063,0
20065,0
20067,0
20069,0
20071,0
20073,1
20075,0
20077,0
20079,0
20081,0
20083,0
20085,0
20087,0
20089,0
20091,0
20093,0
20095,0
20097,0
20099,0
20101,0
20103,1
20105,0
20107,1
20109,0
20111,0
20113,0
20115,0
20117,0
20119,0
20121,0
20123,0
20125,1
20127,0
20129,0
20131,0
20133,0
20135,0
20139,0
20141,0
20143,0
20145,0
20147,0
20149,0
20151,0
20153,0
20155,0
20157,0
20159,0
20161,0
20163,0
20165,0
20167,0
20169,0
20171,0
20173,0
20175,0
20177,1
20179,0
20181,0
20183,0
20185,0
20187,1
20189,0
20191,0
20193,0
20195,0
20197,0
20199,0
20201,0
20203,0
20205,0
20207,0
20209,1
21001,1
21003,1
21005,0
21007,0
21009,1
21011,0
21013,1
21015,0
21017,1
21019,1
21021,1
21023,0
21025,1
21027,1
21029,1
21031,1
21033,0
21035,1
21037,0
21039,0
21041,1
21043,1
21045,1
21047,1
21049,1
21051,1
21053,1
21055,0
21057,1
21059,1
21061,1
21063,0
21065,1
21067,1
21069,1
21071,1
21073,1
21075,0
21077,1
21079,1
21081,0
21083,1
21085,1
21087,1
21089,1
21091,1
21093,1
21095,1
21097,1
21099,1
21101,1
21103,1
21105,1
21107,1
21109,1
21111,1
21113,1
21115,1
21117,0
21119,1
21121,1
21123,1
21125,1
21127,0
21129,1
21131,1
21133,1
21135,1
21137,1
21139,0
21141,1
21145,1
21147,1
21149,1
21151,1
21153,1
21155,1
21157,1
21159,1
21161,0
21163,1
21165,1
21167,1
21169,1
21171,1
21173,1
21175,0
21177,1
21179,1
21181,1
21183,1
21185,0
21187,1
21189,1
21191,1
21193,1
21195,1
21197,1
21199,1
21201,0
21203,1
21205,0
21207,1
21209,0
21211,1
21213,0
21215,1
21217,1
21219,0
21221,0
21223,1
21225,1
21227,1
21229,1
21231,1
21233,1
21235,1
21237,1
21239,1
22001,1
22003,1
22005,1
22007,1
22009,1
22011,1
22013,1
22015,1
22017,1
22019,1
22021,1
22023,1
22025,1
22027,1
22029,1
22031,1
22033,1
22037,1
22039,1
22041,1
22043,1
22045,1
22047,1
22049,1
22051,1
22053,1
22055,1
22057,1
22059,1
22061,1
22063,1
22065,1
22067,1
22069,1
22071,1
22073,1
22075,1
22077,1
22079,1
22081,1
22083,1
22085,1
22087,1
22089,1
22091,1
22093,1
22095,1
22097,1
22099,1
22101,1
22103,1
22105,1
22107,1
22109,1
22111,1
22113,1
22115,1
22117,1
22119,1
22121,1
22123,1
22125,1
22127,1
23001,0
23003,0
23005,0
23007,0
23009,0
23011,0
23013,0
23015,0
23017,0
23019,0
23021,0
23023,0
23025,0
23027,0
23029,0
23031,0
24001,0
24003,0
24005,0
24009,0
24011,0
24013,0
24015,0
24017,0
24019,0
24021,0
24023,0
24025,0
24027,0
24029,0
24031,0
24033,0
24035,0
24037,0
24039,0
24041,0
24043,0
24045,0
24047,0
24510,0
25001,0
25003,0
25005,0
25007,0
25009,0
25011,0
25013,0
25015,0
25017,0
25019,0
25021,0
25023,0
25025,0
25027,0
26001,0
26003,0
26005,0
26007,0
26009,0
26011,0
26013,0
26015,0
26017,0
26019,0
26021,0
26023,0
26025,0
26027,0
26029,0
26031,0
26033,0
26035,0
26037,0
26039,0
26041,0
26043,0
26045,0
26047,0
26049,0
26051,0
26053,0
26055,0
26057,0
26059,0
26061,0
26063,0
26065,0
26067,0
26069,0
26071,0
26073,0
26075,0
26077,0
26079,0
26081,0
26083,0
26085,0
26087,0
26089,0
26091,0
26093,0
26097,0
26099,0
26101,0
26103,0
26105,0
26107,0
26109,0
26111,0
26113,0
26115,0
26117,0
26119,0
26121,0
26123,0
26125,0
26127,0
26129,0
26131,0
26133,0
26135,0
26137,0
26139,0
26141,0
26143,0
26145,0
26147,0
26149,0
26151,0
26153,0
26155,0
26157,0
26159,0
26161,0
26163,0
26165,0
27001,0
27003,0
27005,0
27007,0
27009,0
27011,0
27013,0
27015,0
27017,0
27019,0
27021,0
27023,0
27025,0
27027,0
27029,0
27031,0
27033,0
27035,0
27037,0
27039,0
27041,0
27043,0
27045,0
27047,0
27049,0
27051,0
27053,0
27055,0
27057,0
27059,0
27061,0
27063,0
27065,0
27067,0
27069,0
27071,0
27073,0
27075,0
27077,0
27079,0
27081,0
27083,0
27085,0
27087,0
27089,0
27091,0
27093,0
27095,0
27097,0
27099,0
27101,0
27103,0
27105,0
27107,0
27109,0
27111,0
27113,0
27115,0
27117,0
27119,0
27121,0
27123,0
27125,0
27127,0
27129,0
27131,0
27133,0
27135,0
27137,0
27139,0
27141,0
27143,0
27145,0
27147,0
27149,0
27151,0
27153,0
27155,0
27157,0
27159,0
27161,0
27163,0
27165,0
27167,0
27169,0
27171,0
27173,0
28001,1
28003,1
28005,1
28007,1
28009,1
28011,1
28013,1
28015,1
28017,1
28019,1
28021,1
28023,1
28025,1
28027,1
28029,1
28031,1
28033,1
28035,1
28037,1
28039,1
28041,1
28043,1
28045,1
28047,1
28049,1
28051,1
28053,1
28055,1
28057,1
28059,1
28061,1
28063,1
28065,1
28067,1
28069,1
28071,1
28073,1
28075,1
28077,1
28079,1
28081,1
28083,1
28085,1
28087,1
28089,1
28091,1
28093,1
28095,1
28097,1
28099,1
28101,1
28103,1
28105,1
28107,1
28109,1
28111,1
28113,1
28115,1
28117,1
28119,1
28121,1
28123,1
28125,1
28127,1
28129,1
28131,1
28133,1
28135,1
28137,1
28139,1
28141,1
28143,1
28145,1
28147,1
28149,1
28151,1
28153,1
28155,1
28157,1
28159,1
28161,1
28163,1
29001,0
29003,0
29005,0
29007,0
29009,1
29011,1
29013,1
29015,1
29017,1
29019,1
29021,1
29023,1
29025,0
29027,1
29029,1
29031,1
29033,0
29035,1
29037,1
29039,0
29041,0
29043,1
29045,0
29047,0
29049,0
29051,1
29053,1
29055,1
29057,0
29059,1
29061,0
29063,0
29065,1
29067,1
29069,1
29071,0
29073,1
29075,0
29077,1
29079,0
29081,0
29083,1
29085,0
29087,0
29089,0
29091,1
29093,1
29095,0
29097,1
29099,0
29101,1
29103,0
29105,1
29107,0
29109,1
29111,1
29113,0
29115,0
29117,0
29119,1
29121,0
29123,1
29125,1
29127,1
29129,0
29131,1
29133,1
29135,1
29137,0
29139,1
29141,0
29143,1
29145,1
29147,0
29149,1
29151,0
29153,1
29155,1
29157,0
29159,1
29161,1
29163,0
29165,0
29167,1
29169,0
29171,0
29173,0
29175,0
29177,0
29179,1
29181,1
29183,0
29185,1
29186,0
29187,1
29189,0
29195,1
29197,0
29199,0
29201,1
29203,1
29205,0
29207,1
29209,1
29211,1
29213,1
29215,1
29217,1
29219,1
29221,1
29223,1
29225,1
29227,0
29229,1
29510,0
30001,0
30003,0
30005,0
30007,0
30009,0
30011,0
30013,0
30015,0
30017,0
30019,0
30021,0
30023,0
30025,0
30027,0
30029,0
30031,0
30033,0
30035,0
30037,0
30039,0
30041,0
30043,0
30045,0
30047,0
30049,0
30051,0
30053,1
30055,0
30057,0
30059,0
30061,1
30063,0
30065,0
30067,0
30069,0
30071,0
30073,0
30075,0
30077,0
30079,0
30081,0
30083,0
30085,0
30087,0
30089,0
30091,0
30093,0
30095,0
30097,0
30099,0
30101,0
30103,0
30105,0
30107,0
30109,0
30111,0
31001,0
31003,0
31005,0
31007,0
31009,0
31011,0
31013,0
31015,0
31017,0
31019,0
31021,0
31023,0
31025,0
31027,0
31029,0
31031,0
31033,0
31035,0
31037,0
31039,0
31041,0
31043,0
31045,0
31047,0
31049,0
31051,0
31053,0
31055,0
31057,0
31059,0
31061,0
31063,0
31065,0
31067,0
31069,0
31071,0
31073,0
31075,0
31077,0
31079,0
31081,0
31083,0
31085,0
31087,0
31089,0
31091,0
31093,0
31095,0
31097,0
31099,0
31101,0
31103,0
31105,0
31107,0
31109,0
31111,0
31113,0
31115,0
31117,0
31119,0
31121,0
31123,0
31125,0
31127,0
31129,0
31131,0
31133,0
31135,0
31137,0
31139,0
31141,0
31143,0
31145,0
31147,0
31149,0
31151,0
31153,0
31155,0
31157,0
31159,0
31161,0
31163,0
31165,0
31167,0
31169,0
31171,0
31173,0
31175,0
31177,0
31179,0
31181,0
31183,0
31185,0
32001,0
32003,1
32005,0
32007,0
32009,0
32011,0
32013,0
32015,0
32017,0
32019,1
32021,1
32023,0
32027,0
32029,0
32031,1
32033,0
32510,0
33001,0
33003,0
33005,0
33007,0
33009,0
33011,0
33013,0
33015,0
33017,0
33019,0
34001,0
34003,0
34005,0
34007,0
34009,0
34011,0
34013,0
34015,0
34017,0
34019,0
34021,0
34023,0
34025,0
34027,0
34029,0
34031,0
34033,0
34035,0
34037,0
34039,0
34041,0
35001,0
35003,0
35005,0
35006,0
35007,0
35009,0
35011,0
35013,0
35015,1
35017,0
35019,0
35021,0
35023,1
35025,1
35027,0
35028,0
35029,0
35031,0
35033,0
35035,0
35037,0
35039,0
35041,0
35043,0
35045,0
35047,0
35049,0
35051,0
35053,0
35055,0
35057,0
35059,0
35061,0
36001,0
36003,0
36007,0
36009,0
36011,0
36013,0
36015,0
36017,0
36019,0
36021,0
36023,0
36025,0
36027,0
36029,0
36031,0
36033,0
36035,0
36037,0
36039,0
36041,0
36043,0
36045,0
36049,0
36051,0
36053,0
36055,0
36057,0
36063,0
36065,0
36067,0
36069,0
36071,0
36073,0
36075,0
36077,0
36079,0
36083,0
36089,0
36091,0
36093,0
36095,0
36097,0
36099,0
36101,0
36103,0
36105,0
36107,0
36109,0
36111,0
36113,0
36115,0
36117,0
36121,0
36123,0
37001,1
37003,1
37005,0
37007,1
37009,0
37011,0
37013,1
37015,1
37017,1
37019,1
37021,0
37023,1
37025,1
37027,1
37029,0
37031,1
37033,1
37035,1
37037,0
37039,1
37041,1
37043,1
37045,1
37047,1
37049,1
37051,1
37053,0
37055,1
37057,1
37059,1
37061,1
37063,1
37065,1
37067,1
37069,1
37071,1
37073,0
37075,1
37077,0
37079,1
37081,0
37083,1
37085,1
37087,1
37089,1
37091,1
37093,1
37095,1
37097,1
37099,1
37101,1
37103,1
37105,1
37107,1
37109,1
37111,1
37113,1
37115,1
37117,1
37119,1
37121,0
37123,1
37125,1
37127,1
37129,1
37131,1
37133,1
37135,0
37137,1
37139,0
37141,1
37143,0
37145,1
37147,1
37149,1
37151,1
37153,1
37155,1
37157,0
37159,1
37161,1
37163,1
37165,1
37167,1
37169,0
37171,1
37173,1
37175,1
37177,1
37179,1
37181,0
37183,1
37185,0
37187,1
37189,0
37191,0
37193,1
37195,1
37197,1
37199,1
38001,0
38003,0
38005,0
38007,0
38009,0
38011,0
38013,0
38015,0
38017,0
38019,0
38021,0
38023,0
38025,0
38027,0
38029,0
38031,0
38033,0
38035,0
38037,0
38039,0
38041,0
38043,0
38045,0
38047,0
38049,0
38051,0
38053,0
38055,0
38057,0
38059,0
38061,0
38063,0
38065,0
38067,0
38069,0
38071,0
38073,0
38075,0
38077,0
38079,0
38081,0
38083,0
38085,0
38087,0
38089,0
38091,0
38093,0
38095,0
38097,0
38099,0
38101,0
38103,0
38105,0
39001,0
39003,0
39005,0
39007,0
39009,0
39011,0
39013,0
39015,0
39017,0
39019,0
39021,0
39023,0
39025,0
39027,0
39029,0
39031,0
39033,0
39035,0
39037,0
39039,0
39041,0
39043,0
39045,0
39047,0
39049,0
39051,0
39053,0
39055,0
39057,0
39059,0
39061,0
39063,0
39065,0
39067,0
39069,0
39071,0
39073,0
39075,0
39077,0
39079,0
39081,0
39083,0
39085,0
39087,1
39089,0
39091,0
39093,0
39095,0
39097,0
39099,0
39101,0
39103,0
39105,0
39107,0
39109,0
39111,0
39113,0
39115,0
39117,0
39119,0
39121,0
39123,0
39125,0
39127,0
39129,0
39131,1
39133,0
39135,0
39137,0
39139,0
39141,0
39143,0
39145,1
39147,0
39149,0
39151,0
39153,0
39155,0
39157,0
39159,0
39161,0
39163,0
39165,0
39167,0
39169,0
39171,0
39173,0
39175,0
40001,1
40003,0
40005,1
40007,0
40009,0
40011,1
40013,1
40015,1
40017,0
40019,1
40021,1
40023,1
40025,0
40027,1
40029,1
40031,1
40033,1
40035,1
40037,1
40039,0
40041,1
40043,0
40045,0
40047,0
40049,1
40051,1
40053,1
40055,0
40057,0
40059,0
40061,1
40063,1
40065,0
40067,1
40069,1
40071,0
40073,1
40075,0
40077,1
40079,1
40081,1
40083,1
40085,1
40087,1
40089,1
40091,1
40093,0
40095,1
40097,1
40099,1
40101,1
40103,1
40105,1
40107,1
40109,1
40111,1
40113,1
40115,1
40117,1
40119,1
40121,1
40123,0
40125,0
40127,1
40129,0
40131,1
40133,1
40135,1
40137,1
40139,0
40141,0
40143,1
40145,1
40147,1
40149,0
40151,1
40153,0
41001,1
41003,0
41005,0
41007,1
41009,0
41011,0
41013,0
41015,1
41017,0
41019,1
41021,0
41023,0
41025,1
41027,0
41029,1
41031,0
41033,1
41035,0
41037,0
41039,1
41041,0
41043,0
41045,1
41047,0
41049,1
41051,0
41053,0
41055,1
41057,1
41059,1
41061,1
41063,1
41065,1
41067,0
41069,0
41071,0
42001,0
42003,0
42005,0
42007,0
42009,0
42011,0
42013,0
42015,0
42017,0
42019,0
42021,0
42023,0
42025,0
42027,0
42029,0
42031,0
42033,0
42035,0
42037,0
42039,0
42041,0
42043,0
42045,0
42047,0
42049,0
42051,0
42053,0
42055,0
42057,0
42059,0
42061,0
42063,0
42065,0
42067,0
42069,0
42071,0
42073,0
42075,0
42077,0
42079,0
42081,0
42083,0
42085,0
42087,0
42089,0
42091,0
42093,0
42095,0
42097,0
42099,0
42101,0
42103,0
42105,0
42107,0
42109,0
42111,0
42113,0
42115,0
42117,0
42119,0
42121,0
42123,0
42125,0
42127,0
42129,0
42131,0
42133,0
44001,0
44003,0
44005,0
44007,0
44009,0
45001,1
45003,1
45005,1
45007,1
45009,1
45011,1
45013,1
45015,1
45017,1
45019,1
45021,1
45023,1
45025,1
45027,1
45029,1
45031,1
45033,1
45035,1
45037,1
45039,1
45041,1
45043,1
45045,1
45047,1
45049,1
45051,1
45053,1
45055,1
45057,1
45059,1
45061,1
45063,1
45065,1
45067,1
45069,1
45071,1
45073,1
45075,1
45077,1
45079,1
45081,1
45083,1
45085,1
45087,0
45089,1
45091,1
46003,0
46005,0
46007,0
46011,0
46013,0
46015,0
46017,0
46019,0
46021,0
46023,0
46025,0
46027,0
46029,0
46031,0
46033,0
46035,0
46037,0
46039,0
46043,0
46045,0
46047,0
46049,0
46051,0
46053,0
46055,0
46057,0
46059,0
46061,0
46063,0
46065,0
46067,0
46069,0
46071,0
46075,0
46077,0
46079,0
46081,0
46083,0
46085,0
46087,0
46089,0
46091,0
46093,1
46095,0
46097,0
46099,0
46101,0
46102,0
46103,0
46105,0
46107,0
46109,0
46111,0
46115,0
46117,0
46119,0
46121,0
46123,0
46125,0
46127,0
46129,0
46135,0
46137,0
47001,1
47003,1
47005,1
47007,1
47009,1
47011,1
47013,1
47015,1
47017,1
47019,1
47021,1
47023,1
47025,1
47027,1
47029,1
47031,1
47033,1
47035,1
47037,1
47039,1
47041,1
47043,1
47045,1
47047,1
47049,1
47051,1
47053,1
47055,1
47057,1
47059,1
47061,1
47063,1
47065,1
47067,1
47069,1
47071,1
47073,1
47075,1
47077,1
47079,1
47081,1
47083,1
47085,1
47087,1
47089,1
47091,1
47093,1
47097,1
47099,1
47101,1
47103,1
47105,1
47107,1
47109,1
47111,1
47113,1
47115,1
47117,1
47119,1
47121,1
47123,1
47125,1
47127,1
47129,1
47131,1
47133,1
47135,1
47137,1
47139,1
47141,1
47143,1
47145,1
47147,1
47149,1
47151,1
47153,1
47155,1
47157,1
47159,1
47161,1
47163,1
47165,1
47167,1
47169,1
47171,1
47173,1
47175,1
47177,1
47179,1
47181,1
47183,1
47185,1
47187,1
47189,1
48003,1
48005,1
48007,1
48009,0
48011,0
48013,1
48015,1
48017,0
48019,1
48021,1
48023,1
48025,1
48027,1
48029,1
48031,1
48033,0
48035,1
48037,1
48039,1
48041,1
48043,0
48045,0
48047,1
48049,1
48051,1
48053,1
48055,1
48057,1
48059,1
48061,1
48063,1
48065,0
48067,1
48069,0
48071,1
48073,1
48075,0
48077,1
48079,0
48081,1
48083,0
48085,1
48087,0
48089,1
48091,1
48093,1
48095,1
48097,1
48099,1
48101,0
48103,1
48107,1
48109,0
48111,0
48113,1
48115,0
48117,1
48119,1
48121,1
48123,1
48125,0
48129,0
48131,1
48133,1
48135,1
48137,1
48139,1
48141,0
48143,1
48145,1
48147,1
48149,1
48151,1
48153,1
48155,1
48157,1
48159,1
48161,1
48163,1
48165,1
48167,1
48169,0
48171,1
48173,1
48175,1
48177,1
48179,0
48181,1
48183,1
48185,1
48187,1
48189,1
48191,0
48193,1
48195,0
48197,0
48199,1
48201,1
48203,1
48205,0
48207,0
48209,1
48211,0
48213,1
48215,1
48217,1
48219,1
48221,1
48223,1
48225,1
48227,1
48229,0
48231,1
48233,0
48235,1
48237,0
48239,1
48241,1
48243,0
48245,1
48247,1
48249,1
48251,1
48253,1
48255,1
48257,1
48259,1
48261,1
48263,0
48265,1
48267,1
48269,0
48271,1
48273,1
48275,0
48277,1
48279,1
48281,1
48285,1
48287,1
48289,1
48291,1
48293,1
48295,0
48297,1
48299,1
48303,1
48305,0
48307,1
48309,1
48311,1
48313,1
48315,1
48317,1
48319,0
48321,1
48323,1
48325,1
48327,1
48329,1
48331,1
48333,1
48335,1
48337,1
48339,1
48341,0
48343,1
48345,0
48347,1
48349,1
48351,1
48353,1
48355,1
48357,0
48359,0
48361,1
48363,1
48365,1
48367,1
48369,1
48371,1
48373,1
48375,0
48377,0
48379,1
48381,0
48383,1
48385,1
48387,1
48389,1
48391,1
48393,0
48395,1
48397,1
48399,1
48401,1
48403,1
48405,1
48407,1
48409,1
48411,1
48413,1
48417,0
48419,1
48421,1
48423,1
48425,1
48427,1
48429,1
48431,1
48433,0
48435,1
48437,1
48439,1
48441,1
48443,1
48445,0
48447,0
48449,1
48451,1
48453,1
48455,1
48457,1
48459,1
48461,1
48463,1
48465,1
48467,1
48469,1
48471,1
48473,1
48475,1
48477,1
48479,1
48481,1
48483,0
48485,1
48487,0
48489,1
48491,1
48493,1
48495,0
48497,1
48499,1
48501,0
48503,1
48505,1
48507,1
49001,0
49003,0
49005,0
49007,0
49009,0
49011,0
49013,1
49015,0
49017,0
49019,0
49021,0
49023,0
49025,0
49027,1
49029,0
49031,0
49033,0
49035,0
49037,0
49039,0
49041,1
49043,0
49045,0
49047,0
49049,0
49051,0
49053,0
49055,0
49057,0
50001,0
50003,0
50005,0
50007,0
50009,0
50011,0
50013,0
50015,0
50017,0
50019,0
50021,0
50023,0
50025,0
50027,0
51001,0
51003,0
51005,0
51007,0
51009,1
51011,1
51013,0
51015,1
51017,0
51019,0
51021,1
51023,0
51025,1
51027,0
51029,0
51031,0
51033,0
51035,0
51036,0
51037,0
51041,0
51043,0
51045,0
51047,0
51049,0
51051,0
51053,0
51057,0
51059,0
51061,0
51063,0
51065,0
51067,0
51069,0
51071,0
51073,1
51075,0
51077,0
51079,0
51081,0
51083,0
51085,0
51087,0
51089,0
51091,0
51093,0
51095,0
51097,0
51099,0
51101,0
51103,1
51105,0
51107,0
51109,0
51111,0
51113,0
51115,0
51117,0
51119,0
51121,0
51125,0
51127,0
51131,0
51133,1
51135,1
51137,0
51139,0
51141,0
51143,0
51145,0
51147,1
51149,0
51153,0
51155,0
51157,0
51159,1
51161,0
51163,0
51165,0
51167,0
51169,0
51171,0
51173,0
51175,0
51177,0
51179,0
51181,0
51183,1
51185,0
51187,0
51191,0
51193,0
51195,0
51197,0
51199,0
51510,0
51520,0
51530,0
51540,0
51550,0
51570,1
51580,0
51590,1
51595,1
51600,0
51610,0
51620,1
51630,0
51640,0
51650,0
51660,0
51670,1
51678,1
51680,1
51683,0
51685,0
51690,0
51700,1
51710,1
51720,0
51730,1
51735,0
51740,1
51750,1
51760,0
51770,0
51775,0
51790,0
51800,0
51810,0
51820,0
51830,0
51840,0
53001,1
53003,1
53005,1
53007,1
53009,1
53011,0
53013,1
53015,1
53017,1
53019,0
53021,1
53023,0
53025,1
53027,0
53029,0
53031,0
53033,0
53035,0
53037,0
53039,0
53041,1
53043,1
53045,0
53047,1
53049,0
53051,0
53053,0
53055,0
53057,0
53059,0
53063,0
53065,0
53067,0
53069,0
53071,1
53073,0
53075,0
53077,1
54001,1
54003,0
54005,0
54007,1
54009,0
54011,1
54013,1
54015,1
54017,0
54019,0
54021,0
54023,0
54025,1
54027,0
54029,0
54031,0
54033,0
54035,0
54037,0
54039,0
54041,1
54043,0
54045,1
54047,0
54049,0
54051,0
54053,1
54055,0
54057,0
54059,1
54061,0
54063,1
54065,0
54067,0
54069,0
54071,1
54073,1
54075,0
54077,0
54079,0
54081,0
54083,1
54085,1
54087,0
54089,0
54091,0
54093,1
54095,1
54097,1
54099,1
54101,0
54103,1
54105,0
54107,0
54109,1
55001,0
55003,0
55005,0
55007,0
55009,0
55011,0
55013,0
55015,0
55017,0
55019,0
55021,0
55023,0
55025,0
55027,0
55029,0
55031,0
55033,0
55035,0
55037,0
55039,0
55041,0
55043,0
55045,0
55047,0
55049,0
55051,0
55053,0
55055,0
55057,0
55059,0
55061,0
55063,0
55065,0
55067,0
55069,0
55071,0
55073,0
55075,0
55077,0
55078,0
55079,0
55081,0
55083,0
55085,0
55087,0
55089,0
55091,0
55093,0
55095,0
55097,0
55099,0
55101,0
55103,0
55105,0
55107,0
55109,0
55111,0
55113,0
55115,0
55117,0
55119,0
55121,0
55123,0
55125,0
55127,0
55129,0
55131,0
55133,0
55135,0
55137,0
55139,0
55141,0
56001,0
56003,0
56005,0
56007,0
56009,1
56011,0
56013,0
56015,0
56017,1
56019,0
56021,0
56023,1
56025,0
56027,0
56029,0
56031,0
56033,0
56035,0
56037,1
56039,1
56041,1
56043,0
56045,0
